Product_Category,Elasticity
Art & Crafts,-0.08418392319464525
Electronics,-0.3589285978701496
Games,-0.030966200350730257
Sports & Outdoors,-0.21356547474938686
Toys,-0.001
